unit_id,unit_title,lesson_id,lesson_title,outcome_id,outcome,question_id,question,learning_object_ids
U01,Unit 1: Foundations and Scope,U01-L01,Foundations and Scope: Key Ideas 1,U01-L01-O01,Explain core concepts related to Foundations and Scope: Key Ideas 1.,U01-L01-O01-Q01,Which choice best supports the outcome: Explain core concepts related to Foundations and Scope: Key Ideas 1.,U01-L01-LO01
U01,Unit 1: Foundations and Scope,U01-L01,Foundations and Scope: Key Ideas 1,U01-L01-O01,Explain core concepts related to Foundations and Scope: Key Ideas 1.,U01-L01-O01-Q02,Which choice best supports the outcome: Explain core concepts related to Foundations and Scope: Key Ideas 1.,U01-L01-LO01
U01,Unit 1: Foundations and Scope,U01-L01,Foundations and Scope: Key Ideas 1,U01-L01-O01,Explain core concepts related to Foundations and Scope: Key Ideas 1.,U01-L01-O01-Q03,Which choice best supports the outcome: Explain core concepts related to Foundations and Scope: Key Ideas 1.,U01-L01-LO01
U01,Unit 1: Foundations and Scope,U01-L01,Foundations and Scope: Key Ideas 1,U01-L01-O02,Explain evidence and applications related to Foundations and Scope: Key Ideas 1.,U01-L01-O02-Q01,Which choice best supports the outcome: Explain evidence and applications related to Foundations and Scope: Key Ideas 1.,U01-L01-LO01
U01,Unit 1: Foundations and Scope,U01-L01,Foundations and Scope: Key Ideas 1,U01-L01-O02,Explain evidence and applications related to Foundations and Scope: Key Ideas 1.,U01-L01-O02-Q02,Which choice best supports the outcome: Explain evidence and applications related to Foundations and Scope: Key Ideas 1.,U01-L01-LO01
U01,Unit 1: Foundations and Scope,U01-L01,Foundations and Scope: Key Ideas 1,U01-L01-O02,Explain evidence and applications related to Foundations and Scope: Key Ideas 1.,U01-L01-O02-Q03,Which choice best supports the outcome: Explain evidence and applications related to Foundations and Scope: Key Ideas 1.,U01-L01-LO01
U01,Unit 1: Foundations and Scope,U01-L02,Foundations and Scope: Key Ideas 2,U01-L02-O01,Explain core concepts related to Foundations and Scope: Key Ideas 2.,U01-L02-O01-Q01,Which choice best supports the outcome: Explain core concepts related to Foundations and Scope: Key Ideas 2.,U01-L02-LO01
U01,Unit 1: Foundations and Scope,U01-L02,Foundations and Scope: Key Ideas 2,U01-L02-O01,Explain core concepts related to Foundations and Scope: Key Ideas 2.,U01-L02-O01-Q02,Which choice best supports the outcome: Explain core concepts related to Foundations and Scope: Key Ideas 2.,U01-L02-LO01
U01,Unit 1: Foundations and Scope,U01-L02,Foundations and Scope: Key Ideas 2,U01-L02-O01,Explain core concepts related to Foundations and Scope: Key Ideas 2.,U01-L02-O01-Q03,Which choice best supports the outcome: Explain core concepts related to Foundations and Scope: Key Ideas 2.,U01-L02-LO01
U01,Unit 1: Foundations and Scope,U01-L02,Foundations and Scope: Key Ideas 2,U01-L02-O02,Explain evidence and applications related to Foundations and Scope: Key Ideas 2.,U01-L02-O02-Q01,Which choice best supports the outcome: Explain evidence and applications related to Foundations and Scope: Key Ideas 2.,U01-L02-LO01
U01,Unit 1: Foundations and Scope,U01-L02,Foundations and Scope: Key Ideas 2,U01-L02-O02,Explain evidence and applications related to Foundations and Scope: Key Ideas 2.,U01-L02-O02-Q02,Which choice best supports the outcome: Explain evidence and applications related to Foundations and Scope: Key Ideas 2.,U01-L02-LO01
U01,Unit 1: Foundations and Scope,U01-L02,Foundations and Scope: Key Ideas 2,U01-L02-O02,Explain evidence and applications related to Foundations and Scope: Key Ideas 2.,U01-L02-O02-Q03,Which choice best supports the outcome: Explain evidence and applications related to Foundations and Scope: Key Ideas 2.,U01-L02-LO01
U01,Unit 1: Foundations and Scope,U01-L03,Foundations and Scope: Key Ideas 3,U01-L03-O01,Explain core concepts related to Foundations and Scope: Key Ideas 3.,U01-L03-O01-Q01,Which choice best supports the outcome: Explain core concepts related to Foundations and Scope: Key Ideas 3.,U01-L03-LO01
U01,Unit 1: Foundations and Scope,U01-L03,Foundations and Scope: Key Ideas 3,U01-L03-O01,Explain core concepts related to Foundations and Scope: Key Ideas 3.,U01-L03-O01-Q02,Which choice best supports the outcome: Explain core concepts related to Foundations and Scope: Key Ideas 3.,U01-L03-LO01
U01,Unit 1: Foundations and Scope,U01-L03,Foundations and Scope: Key Ideas 3,U01-L03-O01,Explain core concepts related to Foundations and Scope: Key Ideas 3.,U01-L03-O01-Q03,Which choice best supports the outcome: Explain core concepts related to Foundations and Scope: Key Ideas 3.,U01-L03-LO01
U01,Unit 1: Foundations and Scope,U01-L03,Foundations and Scope: Key Ideas 3,U01-L03-O02,Explain evidence and applications related to Foundations and Scope: Key Ideas 3.,U01-L03-O02-Q01,Which choice best supports the outcome: Explain evidence and applications related to Foundations and Scope: Key Ideas 3.,U01-L03-LO01
U01,Unit 1: Foundations and Scope,U01-L03,Foundations and Scope: Key Ideas 3,U01-L03-O02,Explain evidence and applications related to Foundations and Scope: Key Ideas 3.,U01-L03-O02-Q02,Which choice best supports the outcome: Explain evidence and applications related to Foundations and Scope: Key Ideas 3.,U01-L03-LO01
U01,Unit 1: Foundations and Scope,U01-L03,Foundations and Scope: Key Ideas 3,U01-L03-O02,Explain evidence and applications related to Foundations and Scope: Key Ideas 3.,U01-L03-O02-Q03,Which choice best supports the outcome: Explain evidence and applications related to Foundations and Scope: Key Ideas 3.,U01-L03-LO01
U02,Unit 2: Core Concepts,U02-L01,Core Concepts: Key Ideas 1,U02-L01-O01,Explain core concepts related to Core Concepts: Key Ideas 1.,U02-L01-O01-Q01,Which choice best supports the outcome: Explain core concepts related to Core Concepts: Key Ideas 1.,U02-L01-LO01
U02,Unit 2: Core Concepts,U02-L01,Core Concepts: Key Ideas 1,U02-L01-O01,Explain core concepts related to Core Concepts: Key Ideas 1.,U02-L01-O01-Q02,Which choice best supports the outcome: Explain core concepts related to Core Concepts: Key Ideas 1.,U02-L01-LO01
U02,Unit 2: Core Concepts,U02-L01,Core Concepts: Key Ideas 1,U02-L01-O01,Explain core concepts related to Core Concepts: Key Ideas 1.,U02-L01-O01-Q03,Which choice best supports the outcome: Explain core concepts related to Core Concepts: Key Ideas 1.,U02-L01-LO01
U02,Unit 2: Core Concepts,U02-L01,Core Concepts: Key Ideas 1,U02-L01-O02,Explain evidence and applications related to Core Concepts: Key Ideas 1.,U02-L01-O02-Q01,Which choice best supports the outcome: Explain evidence and applications related to Core Concepts: Key Ideas 1.,U02-L01-LO01
U02,Unit 2: Core Concepts,U02-L01,Core Concepts: Key Ideas 1,U02-L01-O02,Explain evidence and applications related to Core Concepts: Key Ideas 1.,U02-L01-O02-Q02,Which choice best supports the outcome: Explain evidence and applications related to Core Concepts: Key Ideas 1.,U02-L01-LO01
U02,Unit 2: Core Concepts,U02-L01,Core Concepts: Key Ideas 1,U02-L01-O02,Explain evidence and applications related to Core Concepts: Key Ideas 1.,U02-L01-O02-Q03,Which choice best supports the outcome: Explain evidence and applications related to Core Concepts: Key Ideas 1.,U02-L01-LO01
U02,Unit 2: Core Concepts,U02-L02,Core Concepts: Key Ideas 2,U02-L02-O01,Explain core concepts related to Core Concepts: Key Ideas 2.,U02-L02-O01-Q01,Which choice best supports the outcome: Explain core concepts related to Core Concepts: Key Ideas 2.,U02-L02-LO01
U02,Unit 2: Core Concepts,U02-L02,Core Concepts: Key Ideas 2,U02-L02-O01,Explain core concepts related to Core Concepts: Key Ideas 2.,U02-L02-O01-Q02,Which choice best supports the outcome: Explain core concepts related to Core Concepts: Key Ideas 2.,U02-L02-LO01
U02,Unit 2: Core Concepts,U02-L02,Core Concepts: Key Ideas 2,U02-L02-O01,Explain core concepts related to Core Concepts: Key Ideas 2.,U02-L02-O01-Q03,Which choice best supports the outcome: Explain core concepts related to Core Concepts: Key Ideas 2.,U02-L02-LO01
U02,Unit 2: Core Concepts,U02-L02,Core Concepts: Key Ideas 2,U02-L02-O02,Explain evidence and applications related to Core Concepts: Key Ideas 2.,U02-L02-O02-Q01,Which choice best supports the outcome: Explain evidence and applications related to Core Concepts: Key Ideas 2.,U02-L02-LO01
U02,Unit 2: Core Concepts,U02-L02,Core Concepts: Key Ideas 2,U02-L02-O02,Explain evidence and applications related to Core Concepts: Key Ideas 2.,U02-L02-O02-Q02,Which choice best supports the outcome: Explain evidence and applications related to Core Concepts: Key Ideas 2.,U02-L02-LO01
U02,Unit 2: Core Concepts,U02-L02,Core Concepts: Key Ideas 2,U02-L02-O02,Explain evidence and applications related to Core Concepts: Key Ideas 2.,U02-L02-O02-Q03,Which choice best supports the outcome: Explain evidence and applications related to Core Concepts: Key Ideas 2.,U02-L02-LO01
U02,Unit 2: Core Concepts,U02-L03,Core Concepts: Key Ideas 3,U02-L03-O01,Explain core concepts related to Core Concepts: Key Ideas 3.,U02-L03-O01-Q01,Which choice best supports the outcome: Explain core concepts related to Core Concepts: Key Ideas 3.,U02-L03-LO01
U02,Unit 2: Core Concepts,U02-L03,Core Concepts: Key Ideas 3,U02-L03-O01,Explain core concepts related to Core Concepts: Key Ideas 3.,U02-L03-O01-Q02,Which choice best supports the outcome: Explain core concepts related to Core Concepts: Key Ideas 3.,U02-L03-LO01
U02,Unit 2: Core Concepts,U02-L03,Core Concepts: Key Ideas 3,U02-L03-O01,Explain core concepts related to Core Concepts: Key Ideas 3.,U02-L03-O01-Q03,Which choice best supports the outcome: Explain core concepts related to Core Concepts: Key Ideas 3.,U02-L03-LO01
U02,Unit 2: Core Concepts,U02-L03,Core Concepts: Key Ideas 3,U02-L03-O02,Explain evidence and applications related to Core Concepts: Key Ideas 3.,U02-L03-O02-Q01,Which choice best supports the outcome: Explain evidence and applications related to Core Concepts: Key Ideas 3.,U02-L03-LO01
U02,Unit 2: Core Concepts,U02-L03,Core Concepts: Key Ideas 3,U02-L03-O02,Explain evidence and applications related to Core Concepts: Key Ideas 3.,U02-L03-O02-Q02,Which choice best supports the outcome: Explain evidence and applications related to Core Concepts: Key Ideas 3.,U02-L03-LO01
U02,Unit 2: Core Concepts,U02-L03,Core Concepts: Key Ideas 3,U02-L03-O02,Explain evidence and applications related to Core Concepts: Key Ideas 3.,U02-L03-O02-Q03,Which choice best supports the outcome: Explain evidence and applications related to Core Concepts: Key Ideas 3.,U02-L03-LO01
U03,Unit 3: Systems and Processes,U03-L01,Systems and Processes: Key Ideas 1,U03-L01-O01,Explain core concepts related to Systems and Processes: Key Ideas 1.,U03-L01-O01-Q01,Which choice best supports the outcome: Explain core concepts related to Systems and Processes: Key Ideas 1.,U03-L01-LO01
U03,Unit 3: Systems and Processes,U03-L01,Systems and Processes: Key Ideas 1,U03-L01-O01,Explain core concepts related to Systems and Processes: Key Ideas 1.,U03-L01-O01-Q02,Which choice best supports the outcome: Explain core concepts related to Systems and Processes: Key Ideas 1.,U03-L01-LO01
U03,Unit 3: Systems and Processes,U03-L01,Systems and Processes: Key Ideas 1,U03-L01-O01,Explain core concepts related to Systems and Processes: Key Ideas 1.,U03-L01-O01-Q03,Which choice best supports the outcome: Explain core concepts related to Systems and Processes: Key Ideas 1.,U03-L01-LO01
U03,Unit 3: Systems and Processes,U03-L01,Systems and Processes: Key Ideas 1,U03-L01-O02,Explain evidence and applications related to Systems and Processes: Key Ideas 1.,U03-L01-O02-Q01,Which choice best supports the outcome: Explain evidence and applications related to Systems and Processes: Key Ideas 1.,U03-L01-LO01
U03,Unit 3: Systems and Processes,U03-L01,Systems and Processes: Key Ideas 1,U03-L01-O02,Explain evidence and applications related to Systems and Processes: Key Ideas 1.,U03-L01-O02-Q02,Which choice best supports the outcome: Explain evidence and applications related to Systems and Processes: Key Ideas 1.,U03-L01-LO01
U03,Unit 3: Systems and Processes,U03-L01,Systems and Processes: Key Ideas 1,U03-L01-O02,Explain evidence and applications related to Systems and Processes: Key Ideas 1.,U03-L01-O02-Q03,Which choice best supports the outcome: Explain evidence and applications related to Systems and Processes: Key Ideas 1.,U03-L01-LO01
U03,Unit 3: Systems and Processes,U03-L02,Systems and Processes: Key Ideas 2,U03-L02-O01,Explain core concepts related to Systems and Processes: Key Ideas 2.,U03-L02-O01-Q01,Which choice best supports the outcome: Explain core concepts related to Systems and Processes: Key Ideas 2.,U03-L02-LO01
U03,Unit 3: Systems and Processes,U03-L02,Systems and Processes: Key Ideas 2,U03-L02-O01,Explain core concepts related to Systems and Processes: Key Ideas 2.,U03-L02-O01-Q02,Which choice best supports the outcome: Explain core concepts related to Systems and Processes: Key Ideas 2.,U03-L02-LO01
U03,Unit 3: Systems and Processes,U03-L02,Systems and Processes: Key Ideas 2,U03-L02-O01,Explain core concepts related to Systems and Processes: Key Ideas 2.,U03-L02-O01-Q03,Which choice best supports the outcome: Explain core concepts related to Systems and Processes: Key Ideas 2.,U03-L02-LO01
U03,Unit 3: Systems and Processes,U03-L02,Systems and Processes: Key Ideas 2,U03-L02-O02,Explain evidence and applications related to Systems and Processes: Key Ideas 2.,U03-L02-O02-Q01,Which choice best supports the outcome: Explain evidence and applications related to Systems and Processes: Key Ideas 2.,U03-L02-LO01
U03,Unit 3: Systems and Processes,U03-L02,Systems and Processes: Key Ideas 2,U03-L02-O02,Explain evidence and applications related to Systems and Processes: Key Ideas 2.,U03-L02-O02-Q02,Which choice best supports the outcome: Explain evidence and applications related to Systems and Processes: Key Ideas 2.,U03-L02-LO01
U03,Unit 3: Systems and Processes,U03-L02,Systems and Processes: Key Ideas 2,U03-L02-O02,Explain evidence and applications related to Systems and Processes: Key Ideas 2.,U03-L02-O02-Q03,Which choice best supports the outcome: Explain evidence and applications related to Systems and Processes: Key Ideas 2.,U03-L02-LO01
U03,Unit 3: Systems and Processes,U03-L03,Systems and Processes: Key Ideas 3,U03-L03-O01,Explain core concepts related to Systems and Processes: Key Ideas 3.,U03-L03-O01-Q01,Which choice best supports the outcome: Explain core concepts related to Systems and Processes: Key Ideas 3.,U03-L03-LO01
U03,Unit 3: Systems and Processes,U03-L03,Systems and Processes: Key Ideas 3,U03-L03-O01,Explain core concepts related to Systems and Processes: Key Ideas 3.,U03-L03-O01-Q02,Which choice best supports the outcome: Explain core concepts related to Systems and Processes: Key Ideas 3.,U03-L03-LO01
U03,Unit 3: Systems and Processes,U03-L03,Systems and Processes: Key Ideas 3,U03-L03-O01,Explain core concepts related to Systems and Processes: Key Ideas 3.,U03-L03-O01-Q03,Which choice best supports the outcome: Explain core concepts related to Systems and Processes: Key Ideas 3.,U03-L03-LO01
U03,Unit 3: Systems and Processes,U03-L03,Systems and Processes: Key Ideas 3,U03-L03-O02,Explain evidence and applications related to Systems and Processes: Key Ideas 3.,U03-L03-O02-Q01,Which choice best supports the outcome: Explain evidence and applications related to Systems and Processes: Key Ideas 3.,U03-L03-LO01
U03,Unit 3: Systems and Processes,U03-L03,Systems and Processes: Key Ideas 3,U03-L03-O02,Explain evidence and applications related to Systems and Processes: Key Ideas 3.,U03-L03-O02-Q02,Which choice best supports the outcome: Explain evidence and applications related to Systems and Processes: Key Ideas 3.,U03-L03-LO01
U03,Unit 3: Systems and Processes,U03-L03,Systems and Processes: Key Ideas 3,U03-L03-O02,Explain evidence and applications related to Systems and Processes: Key Ideas 3.,U03-L03-O02-Q03,Which choice best supports the outcome: Explain evidence and applications related to Systems and Processes: Key Ideas 3.,U03-L03-LO01
U04,Unit 4: Evidence and Applications,U04-L01,Evidence and Applications: Key Ideas 1,U04-L01-O01,Explain core concepts related to Evidence and Applications: Key Ideas 1.,U04-L01-O01-Q01,Which choice best supports the outcome: Explain core concepts related to Evidence and Applications: Key Ideas 1.,U04-L01-LO01
U04,Unit 4: Evidence and Applications,U04-L01,Evidence and Applications: Key Ideas 1,U04-L01-O01,Explain core concepts related to Evidence and Applications: Key Ideas 1.,U04-L01-O01-Q02,Which choice best supports the outcome: Explain core concepts related to Evidence and Applications: Key Ideas 1.,U04-L01-LO01
U04,Unit 4: Evidence and Applications,U04-L01,Evidence and Applications: Key Ideas 1,U04-L01-O01,Explain core concepts related to Evidence and Applications: Key Ideas 1.,U04-L01-O01-Q03,Which choice best supports the outcome: Explain core concepts related to Evidence and Applications: Key Ideas 1.,U04-L01-LO01
U04,Unit 4: Evidence and Applications,U04-L01,Evidence and Applications: Key Ideas 1,U04-L01-O02,Explain evidence and applications related to Evidence and Applications: Key Ideas 1.,U04-L01-O02-Q01,Which choice best supports the outcome: Explain evidence and applications related to Evidence and Applications: Key Ideas 1.,U04-L01-LO01
U04,Unit 4: Evidence and Applications,U04-L01,Evidence and Applications: Key Ideas 1,U04-L01-O02,Explain evidence and applications related to Evidence and Applications: Key Ideas 1.,U04-L01-O02-Q02,Which choice best supports the outcome: Explain evidence and applications related to Evidence and Applications: Key Ideas 1.,U04-L01-LO01
U04,Unit 4: Evidence and Applications,U04-L01,Evidence and Applications: Key Ideas 1,U04-L01-O02,Explain evidence and applications related to Evidence and Applications: Key Ideas 1.,U04-L01-O02-Q03,Which choice best supports the outcome: Explain evidence and applications related to Evidence and Applications: Key Ideas 1.,U04-L01-LO01
U04,Unit 4: Evidence and Applications,U04-L02,Evidence and Applications: Key Ideas 2,U04-L02-O01,Explain core concepts related to Evidence and Applications: Key Ideas 2.,U04-L02-O01-Q01,Which choice best supports the outcome: Explain core concepts related to Evidence and Applications: Key Ideas 2.,U04-L02-LO01
U04,Unit 4: Evidence and Applications,U04-L02,Evidence and Applications: Key Ideas 2,U04-L02-O01,Explain core concepts related to Evidence and Applications: Key Ideas 2.,U04-L02-O01-Q02,Which choice best supports the outcome: Explain core concepts related to Evidence and Applications: Key Ideas 2.,U04-L02-LO01
U04,Unit 4: Evidence and Applications,U04-L02,Evidence and Applications: Key Ideas 2,U04-L02-O01,Explain core concepts related to Evidence and Applications: Key Ideas 2.,U04-L02-O01-Q03,Which choice best supports the outcome: Explain core concepts related to Evidence and Applications: Key Ideas 2.,U04-L02-LO01
U04,Unit 4: Evidence and Applications,U04-L02,Evidence and Applications: Key Ideas 2,U04-L02-O02,Explain evidence and applications related to Evidence and Applications: Key Ideas 2.,U04-L02-O02-Q01,Which choice best supports the outcome: Explain evidence and applications related to Evidence and Applications: Key Ideas 2.,U04-L02-LO01
U04,Unit 4: Evidence and Applications,U04-L02,Evidence and Applications: Key Ideas 2,U04-L02-O02,Explain evidence and applications related to Evidence and Applications: Key Ideas 2.,U04-L02-O02-Q02,Which choice best supports the outcome: Explain evidence and applications related to Evidence and Applications: Key Ideas 2.,U04-L02-LO01
U04,Unit 4: Evidence and Applications,U04-L02,Evidence and Applications: Key Ideas 2,U04-L02-O02,Explain evidence and applications related to Evidence and Applications: Key Ideas 2.,U04-L02-O02-Q03,Which choice best supports the outcome: Explain evidence and applications related to Evidence and Applications: Key Ideas 2.,U04-L02-LO01
U04,Unit 4: Evidence and Applications,U04-L03,Evidence and Applications: Key Ideas 3,U04-L03-O01,Explain core concepts related to Evidence and Applications: Key Ideas 3.,U04-L03-O01-Q01,Which choice best supports the outcome: Explain core concepts related to Evidence and Applications: Key Ideas 3.,U04-L03-LO01
U04,Unit 4: Evidence and Applications,U04-L03,Evidence and Applications: Key Ideas 3,U04-L03-O01,Explain core concepts related to Evidence and Applications: Key Ideas 3.,U04-L03-O01-Q02,Which choice best supports the outcome: Explain core concepts related to Evidence and Applications: Key Ideas 3.,U04-L03-LO01
U04,Unit 4: Evidence and Applications,U04-L03,Evidence and Applications: Key Ideas 3,U04-L03-O01,Explain core concepts related to Evidence and Applications: Key Ideas 3.,U04-L03-O01-Q03,Which choice best supports the outcome: Explain core concepts related to Evidence and Applications: Key Ideas 3.,U04-L03-LO01
U04,Unit 4: Evidence and Applications,U04-L03,Evidence and Applications: Key Ideas 3,U04-L03-O02,Explain evidence and applications related to Evidence and Applications: Key Ideas 3.,U04-L03-O02-Q01,Which choice best supports the outcome: Explain evidence and applications related to Evidence and Applications: Key Ideas 3.,U04-L03-LO01
U04,Unit 4: Evidence and Applications,U04-L03,Evidence and Applications: Key Ideas 3,U04-L03-O02,Explain evidence and applications related to Evidence and Applications: Key Ideas 3.,U04-L03-O02-Q02,Which choice best supports the outcome: Explain evidence and applications related to Evidence and Applications: Key Ideas 3.,U04-L03-LO01
U04,Unit 4: Evidence and Applications,U04-L03,Evidence and Applications: Key Ideas 3,U04-L03-O02,Explain evidence and applications related to Evidence and Applications: Key Ideas 3.,U04-L03-O02-Q03,Which choice best supports the outcome: Explain evidence and applications related to Evidence and Applications: Key Ideas 3.,U04-L03-LO01
